Ens,Z_PS_fund,Z_V_fund,Z_A_fund,Z_PS_as,Z_V_as,Z_A_as
M1,0.736613915671393,0.657531494649845,0.736613915671393,0.578582265074229,0.452050391439753,0.578582265074229
M2,0.736615716072536,0.657531494649845,0.736615716072536,0.578585145716057,0.452050391439753,0.578585145716057
M3,0.736608739380995,0.657531494649845,0.736608739380999,0.578573983009599,0.452050391439753,0.578573983009599
M4,0.736193298596622,0.657531494649845,0.736193298596622,0.577909277754596,0.452050391439753,0.577909277754596
M5,0.737024219869946,0.657531494649845,0.737024219869946,0.579238751791913,0.452050391439753,0.579238751791913
